id,read.number,Numeric.Animal.ID,Capture.Week,Capture.Number,age.month.corrected,age.years,Sex,Average.BCS,Season,percent.cells.infected,Tvelifera.sc,TveliferaB,TveliferaUD,Tmutans1,Tmutans2,Tmutans3,TmutansMSD,Tmutans.sc,TmutansUD,TspBg,TspBf,Tparva
1c1,107517,1,2/25/14,1,54,4.5,F,3.5,wet,0.080777708,0.0357711,0.0340319,0,0.272487,0.111778,0.243292,0.030172,0.0276607,0,0,0.2108041,0.0340039
1c3,80013,1,6/6/14,3,57,4.83,F,2.75,dry,0.014946581,0.0208341,0,0,0.296177,0.10652,0.234924,0,0.0255583,0,0,0.2641195,0.0518666
1c4,63231,1,8/13/14,4,59,4.95,F,2.5,dry,0.015752625,0.0218406,0,0,0.241179,0.112002,0.2335884,0,0.0156094,0,0,0.2981138,0.0776676
5c1,61469,5,2/25/14,1,36,3,F,3.75,wet,0.114725275,0.10184,0.0795848,0,0.169907,0.0793408,0.179131,0.0264849,0.0332851,0.0166588,0.2673379,0,0.0464299
5c3,61387,5,6/6/14,3,39,3.33,F,3.625,dry,0.039959255,0.0627332,0.0968609,0,0.228175,0.135713,0.2295111,0,0.017968,0,0.1647907,0,0.0642481
5c4,56785,5,8/13/14,4,41,3.45,F,3.25,dry,0.130995401,0.0825922,0.0892313,0,0.18246,0.0741921,0.2060579,0,0.0146165,0,0.2919082,0,0.0589416
5c5,74884,5,10/14/14,5,43,3.62,F,1.5,dry,NA,0.0690134,0.0832087,0,0.235417,0.108995,0.2073474,0,0,0,0,0,0
5c6,81035,5,12/6/15,6,45,3.76,F,1.75,wet,0.106955381,0.0615783,0.0477942,0,0.215845,0.0912445,0.2098599,0,0,0,0.2815324,0,0.0921454
5c7,46243,5,2/23/15,7,48,3.99,F,3.75,wet,0.101074097,0.0780875,0.1065891,0,0.242091,0.115607,0.2481452,0,0,0,0.137059,0,0.0724218
5c8,34734,5,6/2/14,8,51,4.254794521,F,3.5,dry,0.023308906,0.0429838,0.0466978,0,0.284332,0.122128,0.3087463,0,0,0.0121495,0.143692,0,0.0392699
5c9,51584,5,8/4/15,9,53,4.42739726,F,3.25,dry,0.08324937,0.12616315,0.1574907,0,0.09268378,0.12976892,0.17398805,0,0,0,0.20791331,0,0.11199209
5c10,37318,5,10/5/15,10,55,4.6,F,3.5,dry,0.316648352,0.0907069,0.0764243,0,0.227585,0.103194,0.2064687,0,0,0,0.2162491,0,0.0793719
5c11,80467,5,12/1/15,11,57,4.753424658,F,3.75,wet,0.021342538,0.0978165,0.0822821,0,0.180807,0.0827296,0.1858775,0,0,0,0.2340837,0,0.136404
8c1,68672,8,2/25/14,1,36,3,F,3.5,wet,0.078517066,0.102356,0.109943,0,0.162774,0.0678006,0.1179956,0.0499912,0.121141,0.0154648,0.190689,0,0.0618447
8c4,65692,8,8/13/14,4,41,3.45,F,3,dry,0.047182081,0.0973635,0.1076082,0,0.149303,0.0663247,0.1019607,0,0.0161816,0,0.399211,0,0.0620471
8c5,71382,8,10/14/14,5,43,3.62,F,1.75,dry,0.06356745,0.0969012,0.0739262,0,0.146143,0.0787313,0.1536943,0.0143173,0.0300076,0.0193746,0.287734,0,0.0991707
8c6,91019,8,12/6/15,6,45,3.76,F,1.5,wet,0.070150862,0.0795548,0.0639646,0,0.119261,0.0731715,0.1442996,0.0258078,0.0299608,0,0.3338423,0,0.1301374
8c7,115524,8,2/23/15,7,48,3.99,F,3.5,wet,0.100245949,0.117915,0.0613206,0,0.167602,0.0677002,0.2969423,0,0,0,0.220543,0,0.0679772
8c8,78759,8,6/2/14,8,51,4.254794521,F,3.75,dry,0.028636884,0.0848665,0.1700503,0,0.102312,0.0487817,0.088993,0,0.0155792,0,0.435074,0,0.054343
8c9,43242,8,8/4/15,9,53,4.42739726,F,2.75,dry,0.045680778,0.164701,0.1165534,0,0.198395,0.1056612,0.1764257,0,0.025392,0,0.150641,0,0.0622312
8c10,52599,8,10/5/15,10,55,4.6,F,3.5,dry,0.146885714,0.162931,0.0894314,0,0.115249,0.0442784,0.1480257,0,0,0,0.3540944,0,0.0859902
8c11,50012,8,12/1/15,11,57,4.753424658,F,3.75,wet,0.012102971,0.0530673,0.0769215,0,0.199952,0.0979965,0.1933736,0,0,0,0.24832,0,0.1303684
12c1,52857,12,2/25/14,1,12,1,M,2.25,wet,0.387125935,0.166582,0.1603004,0,0.0769056,0.0280947,0.1250733,0,0.0510245,0,0.3107823,0,0.0812381
12c3,75022,12,6/6/14,3,15,1.33,M,3,dry,0.106265944,0.0842686,0.1158727,0,0.231359,0.0629415,0.2360908,0,0.0219269,0,0.1971421,0,0.0503985
12c4,57717,12,8/13/14,4,17,1.45,M,2.5,dry,0.443561807,0.137308,0.1527971,0,0.107681,0.0377878,0.0872013,0,0,0,0.367136,0,0.110089
12c5,8564,12,10/14/14,5,19,1.62,M,1.75,dry,0.19625585,0.119687,0.0778842,0,0.164643,0.0709949,0.187646,0,0.0203176,0,0.2833955,0,0.075432
12c6,81132,12,12/6/15,6,21,1.76,M,1.75,wet,0.317973098,0.145417,0.1164892,0,0.146502,0.041377,0.1674062,0,0,0,0.2965538,0,0.0862545
12c7,46800,12,2/23/15,7,24,1.99,M,3.25,wet,0.182212103,0.154103,0.1376069,0,0.179979,0.0505983,0.1704487,0,0,0,0.2213675,0,0.0858974
12c8,71006,12,6/2/14,8,27,2.254794521,M,3.25,dry,0.033127063,0.0968228,0.1521705,0,0.187604,0.0945694,0.1169479,0,0,0,0.2901018,0,0.0617835
12c9,215421,12,8/4/15,9,29,2.42739726,M,2.5,dry,0.095209391,0.0801083,0.0975624,0,0.176682,0.0650215,0.1501153,0,0,0,0.3520965,0,0.0784139
12c10,46619,12,10/5/15,10,31,2.6,M,3.75,dry,0.426517857,0.118578,0.1120788,0,0.146314,0.0631073,0.166563,0,0,0,0.327806,0,0.0655527
12c11,42208,12,12/1/15,11,33,2.753424658,M,3.5,wet,0.018036386,0.100952,0.0787765,0,0.186007,0.076502,0.1835908,0,0,0,0.30833,0,0.0658406
13c1,64940,13,2/25/14,1,54,4.5,F,3,wet,0.124862637,0.107083,0.0483986,0,0.260394,0.0756545,0.2357866,0.0192485,0.0259624,0,0.149831,0,0.0776409
13c3,138114,13,6/6/14,3,57,4.83,F,2.75,dry,0.096350032,0.111611,0.1233911,0,0.253884,0.0455566,0.1897493,0,0.0203962,0,0.2081182,0,0.0472943
13c4,110419,13,8/13/14,4,59.4,4.95,F,2.5,dry,0.048736877,0.116447,0.0943406,0,0.292776,0.0598357,0.2090311,0,0.0242802,0,0.133365,0,0.0699246
15c1,74813,15,2/25/14,1,54,4.5,F,3.25,wet,0.190448446,0.138318,0.0955048,0,0.254234,0.0565944,0.1341211,0,0,0,0.274311,0,0.046917
15c3,78404,15,6/6/14,3,57,4.83,F,1.5,dry,0.057849937,0.0619994,0.0487092,0,0.262232,0.0646906,0.1494695,0,0,0,0.313862,0,0.0990383
15c4,75162,15,8/13/14,4,59,4.95,F,1.25,dry,0.141733374,0.135614,0.0662436,0,0.297118,0.075956,0.1757537,0,0,0,0.187688,0,0.0616269
18c1,197073,18,2/25/14,1,24,2,F,3.75,wet,0.091600679,0.18801662,0.06870551,0,0.20763372,0.08779488,0.14927971,0,0.06713756,0,0.11761631,0,0.11381569
18c3,111774,18,6/6/14,3,27,2.33,F,2.25,dry,0.035595568,0.0406803,0,0,0.227557,0.119312,0.3101615,0,0.017097,0,0,0.1855982,0.0995938
18c4,32222,18,8/13/14,4,29,2.45,F,1.25,dry,0.194251135,0.05033828,0,0,0.07246602,0.02492086,0.09952827,0,0,0,0.06793495,0.65048725,0.03432437
18c5,77386,18,10/14/14,5,31,2.62,F,1,dry,0.548988309,0.13788,0.0678934,0,0.255279,0.0819657,0.2397847,0,0.0248882,0,0.15747,0,0.0348383
19c1,46657,19,2/25/14,1,42,3.5,M,4,wet,0.16612801,0.0781448,0.0795165,0,0.153096,0.0734081,0.1633839,0.0138886,0.0432304,0,0.2390214,0,0.1563105
19c3,54685,19,6/6/14,3,45,3.83,M,3,dry,0.033323864,0.0297888,0.0623937,0,0.246174,0.117583,0.2115936,0.034141,0.0389869,0,0.2100576,0,0.0492823
19c4,77787,19,8/13/14,4,47,3.95,M,2,dry,0.070557735,0.0627611,0.0609356,0,0.206705,0.118914,0.193914,0.0437991,0.0309435,0,0.260622,0,0.0214046
19c5,55121,19,10/14/14,5,49,4.13,M,2,dry,0.071787454,0.0361387,0.019811,0,0.217721,0.0796974,0.2622777,0.0382794,0.0433047,0,0.2569982,0,0.045772
19c6,65567,19,12/6/15,6,51,4.27,M,2,wet,0.081139241,0.0494304,0.0462885,0,0.204371,0.084936,0.2372842,0.0190645,0.0540058,0.0132079,0.2662775,0,0.0251346
19c7,50984,19,2/23/15,7,54,4.49,M,3.25,wet,0.072134217,0.0550565,0.0303232,0,0.26069,0.0900282,0.3153929,0.0158481,0.0442099,0,0.137749,0,0.0507022
19c8,85073,19,6/2/14,8,57,4.756164384,M,3.25,dry,0.010640216,0.0655437,0.0549763,0,0.262281,0.102759,0.2267228,0,0.0154808,0,0.2235607,0,0.0486758
19c9,108380,19,8/4/15,9,59,4.928767123,M,2.75,dry,0.036113886,0.0564772,0.0918896,0,0.23019,0.0815925,0.1736572,0.0131297,0.0282155,0,0.2853661,0,0.0394815
21c1,231005,21,2/25/14,1,48,4,M,3,wet,0.09914084,0.137235,0.2322806,0,0.0448345,0.0235493,0.1290665,0,0,0,0.344473,0,0.0885609
21c3,44166,21,6/6/14,3,51,4.33,M,3,dry,0.076781046,0.206018,0.1369155,0,0.164674,0.0304759,0.1573156,0.0642575,0.0464158,0.0131323,0.180795,0,0
21c4,27279,21,8/13/14,4,53,4.45,M,2,dry,0.12425187,0.183145,0.2239816,0,0.214304,0.0484622,0.2065692,0,0.0272737,0,0.0962645,0,0
21c5,41644,21,10/14/14,5,55,4.62,M,1.5,dry,0.124802891,0.178609,0.1923443,0,0.219239,0.0447123,0.2201277,0.0490587,0.042311,0,0.0535972,0,0
21c6,42080,21,12/6/15,6,57,4.76,M,1.75,wet,0.208975347,0.184054,0.1636407,0,0.186003,0.0435837,0.1657081,0,0.0227899,0,0.234221,0,0
21c7,50829,21,2/23/15,7,60,4.99,M,3.25,wet,0.102973506,0.113911,0.0703339,0,0.262724,0.0579197,0.2481658,0.0304551,0.0341931,0,0.182298,0,0
22c1,68383,22,2/25/14,1,18,1.5,M,2.5,wet,0.160522152,0.0784698,0.073527,0,0.286094,0.0947458,0.23095,0,0,0,0.145826,0.0406095,0.0497785
22c3,43310,22,6/6/14,3,21,1.83,M,2.5,dry,0.137839926,0.070538,0.0474024,0,0.237197,0.044955,0.1603555,0,0,0,0.318171,0.0370815,0.0842992
22c4,32153,22,8/13/14,4,23,1.95,M,2.25,dry,0.211360544,0.109259,0.0627624,0,0.231487,0.0681429,0.2459175,0,0,0,0.168569,0.0322831,0.0815787
22c5,36560,22,10/14/14,5,25,2.13,M,1.25,dry,0.442361111,0.033233,0.022046,0,0.308889,0.0743435,0.2376368,0,0,0,0.230689,0.0425328,0.0506291
23c1,27733,23,2/25/14,1,18,1.5,M,3.25,wet,0.125222469,0.0797966,0.1479461,0,0.211986,0.0625248,0.2483325,0,0,0,0.191324,0,0.0580896
23c3,36012,23,6/6/14,3,21,1.83,M,3,dry,0.067452567,0.116572,0.0936077,0,0.184439,0.0566756,0.2757691,0,0,0,0.252027,0,0.0209097
23c4,38120,23,8/13/14,4,23,1.95,M,2.5,dry,0.117242424,0.11978,0.0997901,0,0.157975,0.0455404,0.2472195,0,0.0195698,0,0.13287,0.118284,0.0589717
23c5,33750,23,10/14/14,5,25,2.13,M,1.25,dry,0.21612117,0.138519,0.1124741,0,0.166341,0.0477926,0.2357633,0,0,0,0.231704,0,0.0674074
23c6,35225,23,12/6/15,6,27,2.27,M,2.25,wet,0.160019531,0.165735,0.108247,0,0.200823,0.0428389,0.2907306,0,0,0,0.116224,0,0.075401
23c7,57118,23,2/23/15,7,30,2.49,M,3,wet,0.047388956,0.116146,0.0830561,0,0.22956,0.0852271,0.2865122,0,0,0,0.199499,0,0
23c8,74782,23,6/2/14,8,33,2.756164384,M,3,dry,0.041883822,0.116512,0.1228371,0,0.230991,0.0669011,0.2683931,0.021663,0.0250863,0,0.133027,0,0.0145891
23c9,30564,23,8/4/15,9,35,2.928767123,M,3,dry,0.123216482,0.100674,0.0800288,0,0.20799,0.0676286,0.2256904,0,0.0163918,0,0.286546,0,0.0150504
23c10,43609,23,10/5/15,10,37,3.101369863,M,2.25,dry,0.048645833,0.133596,0.1094499,0,0.273476,0.0515261,0.2825788,0,0.0146759,0,0.111307,0,0.0233897
23c11,73289,23,12/1/15,11,39,3.254794521,M,3,wet,0.009565916,0.0857155,0.1095935,0,0.255154,0.0579214,0.219378,0,0.0201667,0,0.225941,0,0.0261294
24c1,51711,24,2/25/14,1,31,3.6,F,4.25,wet,0.074510078,0.0643577,0.060374,0,0.24372,0.1384038,0.2035735,0,0.0263194,0,0.1977335,0,0.065518
24c3,55682,24,6/6/14,3,34,2.83,F,3.25,dry,0.050311876,0.16522395,0.06174347,0,0.1461334,0.05256636,0.13762077,0,0,0,0.29892964,0,0.1377824
24c4,59755,24,8/13/14,4,36,2.95,F,3.25,dry,0.088556517,0.0538532,0,0,0.258338,0.0617354,0.2072465,0,0.0198477,0,0.3410928,0,0.0578864
24c5,44233,24,10/14/14,5,38,3.13,F,1.75,dry,0.111983134,0.105057,0.0147175,0,0.208012,0.0706034,0.181923,0,0.0167974,0,0.3575389,0,0.0453508
24c6,58946,24,12/6/15,6,40,3.27,F,1.5,wet,0.110202605,0.11687,0.0171004,0,0.180589,0.0724053,0.1344281,0,0.0205612,0,0.3644178,0,0.0936281
35c1,138578,35,2/25/14,1,31,2.6,F,4.25,wet,0.046665613,0.120142,0.0386136,0,0.197174,0.115076,0.1480682,0,0,0,0.2266085,0,0.1543174
35c3,50846,35,6/6/14,3,34,2.83,F,3.25,dry,0.036103193,0.162943,0.1742122,0,0.131928,0.0779806,0.1572592,0,0.012882,0,0.2215705,0,0.0612241
35c4,49051,35,8/13/14,4,36,2.95,F,2.75,dry,0.059720203,0.0989175,0.118244,0,0.165175,0.102465,0.2251738,0,0.015331,0,0.2177937,0,0.0569
35c5,44464,35,10/14/14,5,38,3.13,F,2,dry,0.099276062,0.100238,0.064749,0,0.172162,0.0554156,0.2698361,0,0.0140113,0,0.276358,0,0.0472292
35c6,50506,35,12/6/15,6,40,3.27,F,1.75,wet,0.12137224,0.0696155,0.0639726,0,0.173623,0.0485883,0.1679008,0,0,0,0.4182668,0,0.0580327
35c7,45548,35,2/23/15,7,43,3.49,F,3.75,wet,0.296716667,0.0876438,0.0465663,0,0.277136,0.080245,0.266269,0,0.0145561,0,0.1887242,0,0.0388601
35c8,87859,35,6/2/14,8,46,3.756164384,F,3.75,dry,0.082119416,0.0892111,0.1253376,0,0.170796,0.0785122,0.1887684,0,0.0125428,0,0.2408976,0,0.0939346
35c9,42165,35,8/4/15,9,48,3.928767123,F,3.25,dry,0.050591801,0.149555,0.1084312,0,0.158117,0.044397,0.1525436,0,0.0139452,0,0.3070552,0,0.0659552
35c10,49125,35,10/5/15,10,50,4.101369863,F,3.75,dry,0.012574052,0.0553282,0.0868397,0,0.145567,0.038229,0.2040712,0,0.0136183,0,0.382188,0,0.0741578
35c11,35995,35,12/1/15,11,52,4.254794521,F,4,wet,0.016054913,0.0724545,0.0444506,0,0.20614,0.0747604,0.2946518,0.0149187,0,0,0.163912,0.0770385,0.0516738
41c1,148628,41,2/25/14,1,42,3.5,M,3,wet,0.258509615,0.145726,0.2316383,0,0.08746,0.0608365,0.0635412,0,0,0,0.3763488,0,0.0344484
41c3,49472,41,6/6/14,3,45,3.83,M,2.5,dry,0.024526762,0.160778,0.1096378,0,0.270052,0.1242521,0.231383,0,0,0,0.087969,0,0.0159282
41c4,59536,41,8/13/14,4,47,3.95,M,2,dry,0.110029718,0.0598797,0.13664,0,0.166622,0.0800692,0.1795049,0,0,0,0.3550959,0,0.0221883
41c5,54073,41,10/14/14,5,49,4.13,M,2,dry,0.205724138,0.15418,0.0807612,0,0.189707,0.0610656,0.2550073,0.0157565,0,0,0.1804786,0.047177,0.0158674
41c6,51347,41,12/6/15,6,51,4.27,M,1.75,wet,0.106361607,0.208269,0.079732,0,0.221474,0.0752137,0.2194481,0,0.0166125,0,0.1655213,0,0.0137301
41c7,60836,41,2/23/15,7,54,4.49,M,3.25,wet,0.180486284,0.0928562,0.1886053,0,0.180304,0.1251721,0.213574,0,0,0,0.116165,0,0.0833224
41c8,64144,41,6/2/14,8,57,4.756164384,M,3.75,dry,0.025617122,0.107648,0.0905775,0,0.213894,0.0919649,0.2191475,0,0,0,0.1899321,0.0326453,0.0541906
41c9,51595,41,8/4/15,9,59,4.928767123,M,3,dry,0.016740788,0.0792519,0.1486194,0,0.24797,0.0903576,0.2160868,0,0,0,0.1072585,0.0475627,0.0628937
42c1,152646,42,2/25/14,1,18,1.5,F,3.5,wet,0.251564774,0.0624975,0.2515882,0,0.1886,0.0758421,0.2454238,0,0,0,0.118071,0,0.0579773
42c3,62128,42,6/6/14,3,21,1.83,F,3.5,dry,0.037675234,0.109242,0.1149562,0,0.211434,0.0709664,0.323268,0,0,0,0.145892,0,0.0242403
42c4,52152,42,8/13/14,4,23,1.95,F,2.75,dry,0.119752453,0.1975,0.1671456,0,0.187279,0.0311781,0.1934921,0,0,0,0.1487,0,0.0747047
42c5,56089,42,10/14/14,5,25,2.13,F,1.5,dry,0.121002317,0.130863,0.100091,0,0.189592,0.0632388,0.2210238,0,0,0,0.227834,0,0.0673572
42c6,50304,42,12/6/15,6,27,2.27,F,1.75,wet,0.098402868,0.0819816,0.085858,0,0.24348,0.064806,0.3370307,0,0,0,0.126849,0,0.0599952
42c7,66367,42,2/23/15,7,30,2.49,F,3.5,wet,0.366505282,0.223138,0.145268,0,0.207573,0.0911598,0.0417678,0.0294574,0,0.0120843,0.235509,0,0.0140431
42c8,42718,42,6/2/14,8,33,2.756164384,F,3.25,dry,0.042918455,0.170209,0.1400113,0,0.208554,0.0961421,0.2602646,0,0,0,0.0849291,0,0.0398895
42c9,49439,42,8/4/15,9,35,2.928767123,F,2.5,dry,0.126140777,0.22729,0.1697847,0,0.1943,0.0594874,0.2089039,0,0,0,0.119157,0,0.0210765
42c10,42978,42,10/5/15,10,37,3.101369863,F,3.5,dry,0.014404762,0.206408,0.124366,0,0.183699,0.0512588,0.1862348,0,0,0,0.201498,0,0.0465354
42c11,42414,42,12/1/15,11,39,3.254794521,F,3.25,wet,0.019157609,0.125053,0.1206677,0,0.264417,0.0710379,0.2632853,0,0,0,0.105767,0,0.0497713
43c1,84928,43,2/25/14,1,36,3,F,3.5,wet,0.107636986,0.0960225,0.1019805,0,0.313065,0.2036074,0.2077525,0,0.0253509,0,0.0522207,0,0
43c3,93080,43,6/6/14,3,39,3.33,F,2.5,dry,0.05244213,0.119983,0.0972927,0,0.317071,0.115599,0.1879136,0.012731,0.0272346,0,0.1221747,0,0
43c4,102033,43,8/13/14,4,41,3.45,F,3,dry,0.045805812,0.085541,0.0353219,0,0.187459,0.0933816,0.218802,0,0,0,0.3048228,0,0.0746719
43c5,74195,43,10/14/14,5,43,3.62,F,1.5,dry,0.060695073,0.142341,0.1303056,0,0.213694,0.080558,0.2602869,0.0166453,0.0295707,0,0.1265984,0,0
43c6,61911,43,12/6/15,6,45,3.76,F,1.5,wet,0.056391643,0.10696,0.0524947,0,0.301691,0.0942805,0.2453849,0,0.0144078,0,0.1847817,0,0
43c7,59667,43,2/23/15,7,48,3.99,F,3.25,wet,0.159547739,0.191815,0.1532505,0,0.239194,0.1453737,0.1820101,0,0,0,0.088357,0,0
43c8,78529,43,6/2/14,8,51,4.254794521,F,3.5,dry,0.024639076,0.103758,0.0759592,0,0.304957,0.1514852,0.2128131,0,0.0131671,0,0.1378596,0,0
43c9,55765,43,8/4/15,9,53,4.42739726,F,3.5,dry,0.075708912,0.15221,0.1726712,0,0.274222,0.0971039,0.2150815,0,0,0,0.0887116,0,0
43c10,62392,43,10/5/15,10,55,4.6,F,2.375,dry,0.014276049,0.198519,0.1732917,0,0.216759,0.102177,0.2289074,0,0.0160437,0,0.0643031,0,0
43c11,124827,43,12/1/15,11,57,4.753424658,F,3.75,wet,0.009807312,0.103175,0.0886988,0,0.228861,0.114438,0.292661,0,0,0,0.1574337,0,0.0147324
44c1,144791,44,2/25/14,1,48,4,M,3.25,wet,0.056601563,0.127135,0.1107044,0,0.15023,0.0410316,0.1384616,0,0.0230885,0,0.35429,0,0.0550587
44c3,73393,44,6/6/14,3,51,4.33,M,3.5,dry,0.053163965,0.0556048,0.1063998,0,0.233578,0.0939463,0.2318342,0,0,0,0.219217,0,0.0594198
44c4,74224,44,8/13/14,4,53,4.45,M,2.75,dry,0.074770905,0.112268,0.0790176,0,0.234021,0.0846357,0.1466641,0,0,0.0125162,0.290257,0,0.0406203
44c5,55555,44,10/14/14,5,55,4.62,M,2,dry,0.125322878,0.0800648,0.0638466,0,0.212222,0.0793088,0.2825306,0,0,0,0.228368,0,0.0536585
44c6,63941,44,12/6/15,6,57,4.76,M,2.75,wet,0.079658019,0.0917877,0.0796515,0,0.184514,0.047841,0.1634945,0,0,0,0.369559,0,0.063152
44c7,68874,44,2/23/15,7,60,4.99,M,3.75,wet,0.29112363,0.114659,0.117766,0,0.203299,0.0475506,0.1716468,0,0,0,0.265586,0,0.079493
56c1,351787,56,2/25/14,1,12,1,F,2.75,wet,0.071866711,0.194035,0.0776407,0,0.132489,0.0421619,0.1378305,0,0.0972549,0,0.172647,0,0.145941
56c3,62925,56,6/6/14,3,15,1.33,F,3.75,dry,0.083161673,0.0598967,0.0919031,0,0.278776,0.076472,0.2286214,0,0,0,0.264331,0,0
56c4,43481,56,8/13/14,4,17,1.45,F,3,dry,0.104615385,0.113521,0.1069662,0,0.212783,0.0517697,0.2059521,0,0.0182608,0,0.290748,0,0
56c6,34635,56,12/6/15,6,21,1.76,F,2.5,wet,0.238602362,0.132583,0.090602,0,0.206208,0.0416053,0.1663346,0,0,0,0.362668,0,0
56c7,40286,56,2/23/15,7,24,1.99,F,3.5,wet,0.111379115,0.140843,0.144169,0,0.26148,0.0657549,0.2613311,0,0,0,0.126421,0,0
56c8,87803,56,6/2/14,8,27,2.254794521,F,3.75,dry,0.025815523,0.101671,0.1230026,0,0.270002,0.0987438,0.201337,0,0,0,0.205244,0,0
56c9,41510,56,8/4/15,9,29,2.42739726,F,3.25,dry,0.301653754,0.140472,0.1592142,0,0.201686,0.0665864,0.1846785,0,0,0,0.247362,0,0
56c10,66064,56,10/5/15,10,31,2.6,F,3.75,dry,0.010056143,0.0761383,0.0852961,0,0.208676,0.0712491,0.2435817,0,0,0,0.297787,0,0.0172711
56c11,23359,56,12/1/15,11,33,2.753424658,F,3.5,wet,0.013098404,0.0462349,0.0753885,0,0.227621,0.0521426,0.2822891,0,0,0,0.276981,0,0.0393424
58c1,93573,58,2/25/14,1,30,2.5,M,3.5,wet,0.078361619,0.140553,0.1076913,0,0.133906,0.0674554,0.1513471,0,0,0,0.296303,0,0.1027434
58c3,45486,58,6/6/14,3,33,2.83,M,2.75,dry,0.074671053,0.0620411,0.0915447,0,0.285011,0.0947105,0.1709757,0,0,0,0.209361,0,0.0863562
58c4,35439,58,8/13/14,4,35,2.95,M,2.5,dry,0.105085034,0.0788961,0.0648156,0,0.344649,0.0893084,0.3005163,0,0,0,0.0897317,0,0.0320833
58c5,41793,58,10/14/14,5,37,3.13,M,1.75,dry,0.1046875,0.0629771,0.0665901,0,0.27184,0.102864,0.2802386,0,0,0,0.171512,0,0.0439787
58c6,45923,58,12/6/15,6,39,3.27,M,1.75,wet,0.127018025,0.133528,0.1056115,0,0.222655,0.0725127,0.1518193,0,0,0,0.2325632,0,0.08131
58c7,52248,58,2/23/15,7,42,3.49,M,3.5,wet,0.114261518,0.0665671,0.0419155,0,0.342271,0.0931519,0.3431323,0,0,0,0.0734191,0,0.0395422
58c8,69372,58,6/2/14,8,45,3.756164384,M,3.5,dry,0.02101469,0.0792539,0.0825693,0,0.25937,0.0844289,0.2626417,0,0,0,0.136669,0,0.0950672
58c9,49402,58,8/4/15,9,47,3.928767123,M,2.75,dry,0.3475,0.126918,0.0960892,0,0.241468,0.0868183,0.2223594,0,0,0,0.1750743,0,0.0512732
58c10,51126,58,10/5/15,10,49,4.101369863,M,3.75,dry,0.003342326,0.0795681,0.0787857,0,0.253961,0.0708446,0.2540591,0,0,0,0.138853,0,0.1239287
58c11,45673,58,12/1/15,11,51,4.254794521,M,4,wet,0.01406957,0.0631007,0.0581525,0,0.220305,0.0705888,0.1933966,0,0,0,0.2903468,0,0.10411
60c1,56732,60,2/25/14,1,18,1.5,F,3,wet,0.05863867,0.149263,0.0596489,0,0.177378,0.0430445,0.219488,0.0678101,0.103945,0,0.143464,0,0.0359585
60c3,52428,60,6/6/14,3,21,1.83,F,3.5,dry,0.076495838,0.0797475,0.0719272,0,0.192264,0.0359731,0.1628328,0,0.0253491,0,0.311799,0,0.120108
60c4,37206,60,8/13/14,4,23,1.95,F,2.75,dry,0.113943528,0.131645,0.0952535,0,0.203677,0.0405849,0.1992689,0,0.0169596,0,0.235258,0,0.0773531
60c5,45857,60,10/14/14,5,25,2.13,F,2,dry,0.111739544,0.123711,0.0264518,0,0.210044,0.0464051,0.2191813,0,0.0183614,0,0.204004,0,0.151842
60c6,48178,60,12/6/15,6,27,2.27,F,2.25,wet,0.120959596,0.115136,0.024617,0,0.239383,0.0407032,0.1979949,0,0.0311968,0,0.262485,0,0.0884844
60c7,46014,60,2/23/15,7,30,2.49,F,3.25,wet,0.157630814,0.101578,0.028926,0,0.321098,0.0591994,0.3189464,0,0,0,0.134981,0,0.0352719
60c8,64659,60,6/2/14,8,33,2.756164384,F,3.5,dry,0.008813603,0.0614764,0.0533104,0,0.284926,0.0638736,0.2276403,0,0.021915,0,0.188172,0,0.098687
60c9,54090,60,8/4/15,9,35,2.928767123,F,2.25,dry,0.226502976,0.118358,0.0493806,0,0.196302,0.0528564,0.1416898,0,0,0,0.286245,0,0.155167
60c10,53557,60,10/5/15,10,37,3.101369863,F,3.75,dry,0.002662822,0.073193,0.0259723,0,0.284799,0.0577142,0.2550551,0,0,0,0.192449,0,0.110817
60c11,27947,60,12/1/15,11,39,3.254794521,F,3.75,wet,0.012458927,0.0378932,0,0,0.301141,0.0809389,0.3245786,0,0,0,0.17798,0,0.0774681
102c1,103219,102,2/25/14,1,6,0.5,M,3.25,wet,0.055173482,0.10811,0.518732,0,0,0.177264,0,0,0.195894,0,0,0,0
102c3,116137,102,6/6/14,3,9,0.79,M,3,dry,0.031275304,0.32156,0.3019278,0,0,0,0,0.1355813,0.158675,0,0,0,0.0822563
102c4,119553,102,8/13/14,4,11,0.9,M,2.5,dry,0.149296075,0.395139,0.393976,0,0,0,0,0.0649335,0.0966015,0.0171639,0,0,0.0321866
102c5,87106,102,10/14/14,5,13,1.08,M,1.75,dry,0.02903071,0.12690285,0.12247148,0,0.13427318,0.07797397,0.19862008,0.05844603,0.16880582,0.05236149,0,0,0.06014511
102c6,79016,102,12/6/15,6,15,1.22,M,2.125,wet,0.271210873,0.296181,0.2107297,0,0.127189,0.0654424,0.1516022,0.0162246,0.0474208,0,0,0,0.0852106
102c7,89916,102,2/23/15,7,18,1.44,M,3,wet,0.251342282,0.142978,0.0887495,0,0.279661,0.1121158,0.3051067,0,0.0534499,0,0,0,0.017939
102c8,67075,102,6/2/14,8,21,1.709130927,M,3.25,dry,0.041296296,0.0579351,0.1595225,0,0.205248,0.0881252,0.241044,0,0.0385986,0,0.166202,0,0.0433246
102c9,61484,102,8/4/15,9,23,1.881733667,M,2.902777778,dry,0.665265152,0.109346,0.1098172,0,0.157049,0.069449,0.2289706,0,0.0319758,0,0.189919,0,0.1034741
102c10,60969,102,10/5/15,10,25,2.054336406,M,3.75,dry,0.008246165,0.146091,0.1196017,0,0.13807,0.0331808,0.2281487,0,0.0197805,0,0.240335,0,0.0747921
102c11,60228,102,12/1/15,11,27,2.207761064,M,3.5,wet,0.018340822,0.112024,0.107475,0,0.169207,0.0511888,0.2329979,0,0.0137146,0,0.184931,0,0.1284614
103c1,92038,103,2/25/14,1,1,0.1,M,2,wet,0.20625,0.0215129,0.563126,0,0,0,0,0.047513,0.367848,0,0,0,0
104c1,104281,104,2/25/14,1,2,0.2,F,3.5,wet,0.052833144,0.0661482,0.452892,0,0,0,0,0.0677688,0.413191,0,0,0,0
104c4,73023,104,8/13/14,4,7,0.59,F,2.75,dry,0.063016529,0.268368,0.3896857,0,0.0407954,0,0,0.0924914,0.110787,0,0.0978733,0,0
104c5,147090,104,10/14/14,5,9,0.77,F,1,dry,0.055638587,0.174825,0.2475285,0,0.172017,0.0256986,0.0659937,0.0421987,0.0695357,0.0130532,0.171059,0,0.018091
105c1,56670,105,2/25/14,1,6,0.5,M,3.25,wet,0.072941843,0.01799886,0.14944824,0,0,0,0,0.11284797,0.6464183,0,0.0157178,0,0.05756882
105c3,126546,105,6/6/14,3,9,0.78,M,3,dry,0.063405292,0.128641,0.250565,0,0.0189022,0.0205459,0,0.103409,0.181317,0,0.101038,0,0.1955814
105c4,91949,105,8/13/14,4,11,0.9,M,2.75,dry,0.168868671,0.283451,0.323277,0,0.0654167,0.0262319,0,0.0526161,0.0584563,0,0.0864827,0,0.1040686
105c5,56095,105,10/14/14,5,13,0.5,M,3.25,wet,NA,0.20189,0.2806845,0,0.114805,0.0198057,0.0533203,0.0400036,0.0790088,0,0,0,0
105c6,70400,105,12/6/15,6,14.52,1.21,M,1.25,wet,0.61042065,0.229432,0.2687788,0,0.0794602,0,0.0341619,0,0.0546875,0.0189915,0.190213,0,0.1242753
106c1,144409,106,2/25/14,1,5,0.4,F,3.75,wet,0.086449095,0.172302,0.275315,0,0,0,0,0.126024,0.426358,0,0,0,0
106c3,93419,106,6/6/14,3,8,0.71,F,3.5,dry,0.063779008,0.386581,0.4031831,0,0.0296514,0.0280671,0.0126099,0.0775539,0.0623535,0,0,0,0
106c4,92465,106,8/13/14,4,10,0.83,F,2.5,dry,0.077014145,0.270243,0.3091226,0,0.125301,0.0547342,0.1026983,0.0622398,0.0756611,0,0,0,0
106c5,102962,106,10/14/14,5,12,1.01,F,2,dry,0.118554131,0.195305,0.1798814,0,0.253424,0.0709291,0.2129329,0.0293021,0.0582254,0,0,0,0
107c1,174255,107,2/25/14,1,12,1,F,3.25,wet,0.075525594,0.13832,0.1831229,0,0.148397,0.141431,0.1362313,0.0952053,0.157292,0,0,0,0
107c3,74526,107,6/6/14,3,15,1.33,F,3.5,dry,0.053713038,0.06065,0.0466012,0,0.252757,0.158388,0.2758767,0.0135389,0.0358801,0,0.156308,0,0
107c4,104721,107,8/13/14,4,17,1.45,F,2.5,dry,0.101504298,0.0839564,0.1243017,0,0.20229,0.108507,0.1650576,0.0378147,0.0734905,0.0186782,0.1859039,0,0
107c5,72603,107,10/14/14,5,19,1.62,F,1.75,dry,0.102035714,0.149388,0.1373363,0,0.235224,0.113659,0.1706679,0,0.0479044,0,0.129499,0,0.0163216
107c6,101646,107,12/6/15,6,21,1.76,F,1.25,wet,0.093864558,0.128574,0.0966393,0,0.214735,0.113807,0.1857525,0.041615,0.0284615,0,0.1672074,0,0.023208
107c7,57246,107,2/23/15,7,24,1.99,F,3.25,wet,0.093864558,0.0698215,0.0923558,0,0.295601,0.0888272,0.2953918,0,0.0265695,0,0.104304,0,0.0271285
107c8,105985,107,6/2/14,8,27,2.254794521,F,3.75,dry,0.021316705,0.0651319,0.1342265,0,0.192848,0.0813983,0.2079445,0.0141907,0.0238713,0,0.1959706,0,0.0844176
107c9,60425,107,8/4/15,9,29,2.42739726,F,3,dry,0.380850755,0.0889036,0.1432519,0,0.225767,0.103384,0.218254,0,0.0298386,0,0.141796,0,0.0488043
107c10,44438,107,10/5/15,10,31,2.6,F,3,dry,0.005920245,0.10302,0.1239477,0,0.119852,0.058576,0.1346595,0,0,0,0.3987801,0,0.0611639
107c11,76316,107,12/1/15,11,33,2.753424658,F,3.75,wet,0.010050111,0.0218565,0.0797998,0,0.178534,0.0959432,0.1928433,0,0,0,0.356072,0,0.0749515
108c1,165715,108,2/25/14,1,7,0.6,M,3.5,wet,NA,0.181915,0.3963429,0,0,0,0,0.1043117,0.317431,0,0.2345228,0,0.0614951
109c1,170961,109,2/25/14,1,5,0.4,F,4,wet,0.027824344,0.0298431,0.40542,0,0,0,0,0.1072232,0.457514,0,0,0,0
109c3,136376,109,6/6/14,3,8,0.72,F,3.25,dry,0.02010101,0.0882707,0.601469,0,0.0337009,0,0,0.0661407,0.0756145,0,0.0131255,0,0.121678
109c4,142574,109,8/13/14,4,10,0.84,F,2.75,dry,0.042163923,0.104311,0.42937,0,0.0710158,0.0228653,0.0159566,0.0559289,0.0802811,0,0.0960343,0,0.1242371
109c5,123414,109,10/14/14,5,12,1.01,F,1.5,dry,0.179607251,0.192134,0.2958656,0,0.145648,0,0.0351338,0,0.03673,0,0.16029,0,0.1341986
109c6,50009,109,12/6/15,6,14,1.15,F,1.25,wet,1.09134131,0.302406,0.3284411,0,0.174869,0,0.0488312,0,0.0233558,0,0.0475914,0,0.0745066
110c1,111046,110,2/25/14,1,11,0.9,M,4,wet,0.071185446,0.0825514,0.652153,0,0,0.0158673,0,0.0593447,0.190083,0,0,0,0
110c3,33264,110,6/6/14,3,14,1.25,M,3.25,dry,0.040807607,0.36042,0.457943,0,0,0,0,0.0531205,0.0726311,0,0,0,0.0558862
110c4,56661,110,8/13/14,4,16,1.37,M,2,dry,0.101912313,0.269056,0.2672564,0,0,0,0,0.1632516,0.176718,0,0,0,0.1237182
111c4,49049,111,8/13/14,4,8,0.68,F,3,dry,0.063736429,0.176925,0.350976,0,0.0340272,0.0166976,0,0.0572693,0.0938857,0,0.141247,0,0.1289735
111c5,69869,111,10/14/14,5,10,0.85,F,1.5,dry,0.06853352,0.264767,0.2461892,0,0.107702,0.0232149,0.0446407,0.0423364,0.0456139,0,0.172537,0,0.0529992
111c6,46060,111,12/6/15,6,12,0.99,F,2,wet,0.289297521,0.22386,0.2383635,0,0.1637,0.0263135,0.0846287,0.020343,0.0350195,0,0.150174,0,0.0575988
111c7,59518,111,2/23/15,7,15,1.22,F,3.5,wet,0.285344424,0.136614,0.1681004,0,0.160876,0.0457845,0.1641017,0,0.0225646,0,0.2091137,0,0.0928459
111c8,75153,111,6/2/14,8,18,1.484352138,F,3,dry,0.075993621,0.12597,0.147393,0,0.167512,0.0438306,0.1732067,0.0162469,0.0291006,0,0.2533103,0,0.0434314
111c9,54880,111,8/4/15,9,20,1.656954878,F,2.5,dry,0.706419598,0.129701,0.1509107,0,0.143878,0.0370627,0.1103134,0,0.0343112,0,0.2847849,0,0.109038
111c10,25978,111,10/5/15,10,22,1.829557617,F,2.375,dry,0.010152838,0.158326,0.1535531,0,0.134075,0.0270229,0.0956193,0,0,0,0.2868198,0,0.144584
111c11,58550,111,12/1/15,11,24,1.982982275,F,2.75,wet,0.031780443,0.0867293,0.0941417,0,0.177096,0.0355594,0.1583945,0,0.0166866,0,0.274415,0,0.156977
112c3,51559,112,6/6/14,3,9,0.76,F,3,dry,0.065718822,0.238503,0.49101,0,0,0,0,0.0721115,0.0940088,0,0.0521344,0,0.0522314
112c4,66236,112,8/13/14,4,11,0.88,F,3,dry,0.106529605,0.148907,0.367776,0,0,0.0131952,0,0.0270095,0.0720756,0.0128782,0.315855,0,0.0423033
112c5,104114,112,10/14/14,5,13,1.05,F,2,dry,0.051314975,0.17769,0.2006356,0,0.013831,0.0218895,0.0373725,0.0139366,0.0998521,0.0133027,0.361949,0,0.0595406
112c6,40209,112,12/6/15,6,15,1.19,F,1.5,wet,0.257014266,0.153125,0.2425573,0,0.0375289,0.0342212,0.0446666,0.0132557,0.0624736,0,0.348032,0,0.0641399
112c7,33709,112,2/23/15,7,18,1.42,F,2.75,wet,0.389620288,0.0809576,0.0594797,0,0.213682,0.1105343,0.1581476,0,0.0266694,0,0.310629,0,0.0399003
112c8,86346,112,6/2/14,8,21,1.68457148,F,2.4375,dry,0.040710561,0.163945,0.2051979,0,0.0274709,0.0163181,0.1072777,0.0624465,0.0407778,0,0.295289,0,0.0812777
112c9,28154,112,8/4/15,9,23,1.85717422,F,2.25,dry,0.292645241,0.127833,0.1243518,0,0.0638275,0.0355189,0.2221709,0,0.0319315,0,0.291504,0,0.1028629
112c10,41964,112,10/5/15,10,25,2.029776959,F,2.25,dry,0.019140058,0.229196,0.1809651,0,0.120675,0.0533553,0.204366,0,0.0194452,0,0.142908,0,0.0490897
112c11,81001,112,12/1/15,11,27,2.183201617,F,2.75,wet,0.039540466,0.0677276,0.1102209,0,0.180084,0.1144924,0.212985,0,0,0,0.204862,0,0.109628
113c3,41142,113,6/6/14,3,6,0.49,F,2.5,dry,0.054218049,0.429026,0.365927,0,0.0163337,0.0145107,0,0.0637791,0.0794565,0,0.0309659,0,0
113c4,44418,113,8/13/14,4,8,0.57,F,3,dry,0.093995098,0.304471,0.354653,0,0,0.0206898,0,0,0.0324868,0,0.262033,0,0.0256653
113c5,53825,113,10/14/14,5,10,0.74,F,1.5,dry,0.092305777,0.21857873,0.27856944,0,0.1010497,0.04726428,0.09863446,0,0.05389689,0,0.16990246,0,0.03210404
113c6,43259,113,12/6/15,6,12,0.88,F,1,wet,0.865375587,0.2329,0.2633212,0,0.10733,0.0208049,0.1368039,0,0.0370328,0,0.175709,0,0.0260986
115c1,8377,115,2/25/14,1,1,0.003,F,3.5,wet,0.001161504,0,0,0,0,0,0,0,0.953921,0,0,0,0.0460785
115c3,63006,115,6/6/14,3,4,0.34,F,2.75,dry,0.024381868,0.235819,0.370378,0,0,0,0,0.1492398,0.244564,0,0,0,0
115c4,68044,115,8/13/14,4,6,0.46,F,2.75,dry,0.088961486,0.192317,0.50654,0,0,0,0,0.2025892,0.0985539,0,0,0,0
115c5,82595,115,10/14/14,5,8,0.63,F,1.25,dry,0.06102707,0.290502,0.4215993,0,0.020655,0.0151946,0,0.1170773,0.117767,0.0172044,0,0,0
115c6,75878,115,12/6/15,6,10,0.77,F,1.25,wet,0.35109375,0.326326,0.427923,0,0.0436095,0,0.0487756,0.0450592,0.0903556,0.0179499,0,0,0
115c7,63190,115,2/23/15,7,13,1,F,3.25,wet,0.465258488,0.164694,0.184839,0,0.159661,0,0.088226,0,0.0498971,0,0,0,0.3526821
115c8,53940,115,6/2/14,8,16,1.263013699,F,3,dry,0.046784818,0.136429,0.218502,0,0.128458,0.0282722,0.1249722,0.0407489,0.0628847,0,0.193789,0,0.0659436
115c9,60576,115,8/4/15,9,18,1.435616438,F,2,dry,0.627274408,0.0798831,0.1261391,0,0.147699,0.0425911,0.1422016,0,0.0267928,0,0.4067285,0,0.0279649
115c10,55863,115,10/5/15,10,20,1.608219178,F,2.75,dry,0.02473565,0.211893,0.2344125,0,0.158799,0.03505,0.1032168,0,0.028194,0,0.173335,0,0.0550991
115c11,55640,115,12/1/15,11,22,1.761643836,F,3,wet,0.045362069,0.0533789,0.1198778,0,0.213929,0.0428469,0.1298706,0,0.0183861,0,0.3663192,0,0.0553918
116c3,48511,116,6/6/14,3,3,0.29,F,2.5,dry,NA,0.20449,0.4247284,0,0,0,0,0.1475336,0.163118,0,0.142829579,0,0.06146994
116c4,62193,116,8/13/14,4,5,0.42,F,3,dry,NA,0.166224495,0.436930201,0,0,0,0,0.067001109,0.125544675,0,0.260693,0,0.0874417
116c5,68011,116,10/14/14,5,7,0.59,F,1.5,dry,NA,0.147682,0.3157722,0,0,0,0,0.0594609,0.12895,0,0.173833,0,0.026735
116c6,54236,116,12/6/15,6,9,0.73,F,1,wet,NA,0.145733,0.2485255,0,0.0180692,0,0,0.2530242,0.134081,0,0.0789197,0,0.1315624
117c3,106020,117,6/6/14,3,5,0.39,M,2.75,dry,0.017571721,0.0892756,0.645303,0,0,0.0183173,0,0.0632616,0.183843,0,0,0,0
117c4,50514,117,8/13/14,4,7,0.52,M,2,dry,0.042783958,0.187691,0.551273,0,0,0,0,0.0840361,0.132933,0,0.044067,0,0
117c5,35843,117,10/14/14,5,9,0.69,M,1.75,dry,0.041118421,0.0974528,0.401724,0,0,0.0127779,0,0.1283375,0.128114,0,0.231593,0,0
117c6,41106,117,12/6/15,6,11,0.83,M,1.75,wet,0.098692931,0.143458,0.2243711,0,0,0.0125043,0,0.0770933,0.0906194,0,0.451953,0,0
117c7,12327,117,2/23/15,7,14,1.06,M,2.75,wet,0.185718954,0.158108,0.2464508,0,0.0421838,0,0,0,0,0,0.186663,0,0.3665939
117c8,64466,117,6/2/14,8,17,1.323287671,M,3.25,dry,0.014339827,0.213958,0.278457,0,0.0985481,0.0172339,0.0172959,0.0370738,0.108212,0,0.113393,0,0.1158285
117c9,41069,117,8/4/15,9,19,1.495890411,M,2,dry,0.421205114,0.159853,0.2425432,0,0.13302,0.0324089,0.0743139,0.0165819,0.0649151,0,0.201222,0,0.0751418
117c10,62118,117,10/5/15,10,21,1.668493151,M,3,dry,0.005419304,0.230304,0.1387199,0,0.121478,0.0212821,0.0665829,0.0175472,0.0639267,0,0.249332,0,0.0908271
117c11,86981,117,12/1/15,11,23,1.821917808,M,3.25,wet,0.034339705,0.0608524,0.1171749,0,0.180396,0.0432968,0.1970085,0,0.0150493,0,0.251572,0,0.1346497
118c3,41078,118,6/6/14,3,3,0.29,F,2.5,dry,NA,0.192074,0.4068117,0,0,0.0215687,0,0.1588685,0.220678,0,0,0,0
118c4,46996,118,8/13/14,4,5,0.42,F,3,dry,NA,0.249362,0.4868928,0,0,0,0,0.1216061,0.14214,0,0.0299314,0,0.0301993
119c4,54568,119,8/13/14,4,5,0.42,M,2.75,dry,0.035180055,0.264496,0.579167,0,0,0,0,0.0756488,0.0806883,0,0,0,0
119c5,68074,119,10/14/14,5,7,0.59,M,1.5,dry,0.018228346,0.200341,0.457017,0,0.0803684,0,0,0.1260833,0.13619,0,0,0,0
119c6,86096,119,12/6/15,6,9,0.73,M,2,wet,0.078669725,0.122619,0.606033,0,0.0421855,0.0140308,0,0.0967292,0.101712,0.0166907,0,0,0
119c7,90734,119,2/23/15,7,12,0.96,M,2.75,wet,0.369924133,0.284877,0.4829941,0,0.0439637,0.0139308,0,0.105429,0.044658,0,0,0,0.0241475
119c8,66603,119,6/2/14,8,15,1.224657534,M,3.25,dry,0.028536822,0.225786,0.3452544,0,0.124874,0.0325511,0.062865,0.0796511,0.0806871,0,0.0236476,0,0.0246836
119c9,47575,119,8/4/15,9,17,1.397260274,M,2.25,dry,1.150992991,0.206054,0.2740727,0,0.135491,0.0349974,0.0493117,0.044246,0.0764057,0,0.1268523,0,0.0525696
119c10,94067,119,10/5/15,10,19,1.569863014,M,3.25,dry,0.013620797,0.254925,0.2455695,0,0.117023,0.0337951,0.0685788,0,0.0684299,0,0.104702,0,0.106977
119c11,54352,119,12/1/15,11,21,1.723287671,M,3.75,wet,0.079209329,0.144742,0.1955588,0,0.141835,0.0348837,0.1043568,0,0.0170739,0,0.2258978,0,0.1356524
120c6,56842,120,12/6/15,6,1,0.08,M,1.75,wet,0.100764925,0.0146371,0.961314,0,0,0,0,0,0.0240491,0,0,0,0
120c7,59898,120,2/23/15,7,4,0.31,F,3.5,wet,0.186154084,0.088851,0.747988,0,0,0.0589001,0,0.0426391,0.0616214,0,0,0,0
120c8,58140,120,6/2/14,8,7,0.575342466,F,3.75,dry,0.032747046,0.244479,0.635139,0,0,0,0,0.041916,0.0784658,0,0,0,0
120c9,57290,120,8/4/15,9,9,0.747945205,F,3,dry,0.21468712,0.223337,0.38827,0,0,0,0,0.215151,0.173241,0,0,0,0
120c10,65769,120,10/5/15,10,11,0.920547945,F,2.5,dry,0.005139373,0.428637,0.3740214,0,0,0,0,0.0504645,0.074564,0,0.0264866,0.0318539,0.0139731
120c11,33167,120,12/1/15,11,13,1.073972603,F,3.75,wet,0.02751857,0.25046,0.3730217,0,0,0.0164018,0,0,0.050502,0,0.0739591,0.199204,0.0364519
121c7,58076,121,2/23/15,7,2,0.13,M,3.25,wet,0.101332659,0,1,0,0,0,0,0,0,0,0,0,0
121c8,114881,121,6/2/14,8,5,0.378082192,M,3.5,dry,0.009238179,0.200251,0.568971,0,0,0.105927,0,0.0132485,0.0705077,0,0,0,0.0410947
121c9,39641,121,8/4/15,9,7,0.550684932,M,2.75,dry,0.732244745,0.08980601,0.34080876,0,0,0,0,0.25854544,0.31083979,0,0,0,0
121c10,71611,121,10/5/15,10,9,0.723287671,M,2.75,dry,0.006627057,0.260239,0.2853477,0,0.0245912,0,0.0682437,0.1485386,0.155758,0,0.0373825,0,0.0198992
121c11,40684,121,12/1/15,11,11,0.876712329,M,3.25,wet,0.21236066,0.240439,0.1832908,0,0.0916822,0,0.1672647,0.0375086,0.116065,0,0.108962,0,0.0547881
122c7,67356,122,2/23/15,7,2,0.13,F,3.25,wet,0.260430801,0.104564,0.679717,0,0,0,0,0,0.0444207,0,0.171299,0,0
122c8,158006,122,6/2/14,8,5,0.378082192,F,3.75,dry,0.030797697,0.141052,0.2228518,0,0,0,0,0.1027745,0.0688835,0,0.152874,0,0.3115639
122c9,77111,122,8/4/15,9,7,0.550684932,F,2.5,dry,0.702979452,0.107028,0.261662,0,0.0409021,0,0,0.0921658,0.0858243,0,0.120761,0,0.2916571
122c10,68458,122,10/5/15,10,9,0.723287671,F,2.5,dry,0.015253906,0.121783,0.288805,0,0.0485991,0,0,0,0.0411201,0,0.275643,0,0.2240495
122c11,33451,122,12/1/15,11,11,0.876712329,F,3,wet,0.02132964,0.100565,0.1231652,0,0.13877,0,0.0805357,0,0.035126,0,0.3079135,0,0.2139251
123c8,45310,123,6/2/14,8,4,0.293150685,M,3.75,dry,0.029786451,0.0137497,0.5919,0,0,0,0,0.0644229,0.26045,0,0.0368572,0,0.0326197
123c9,57138,123,8/4/15,9,6,0.465753425,M,2.75,dry,0.492796006,0.0440512,0.480328,0,0,0,0,0.1973463,0.197504,0,0.0666107,0,0.0141587
123c10,57186,123,10/5/15,10,8,0.638356164,M,2.75,dry,0.015810105,0.135593,0.357115,0,0.0179764,0,0,0.0538594,0.0659777,0,0.335816,0,0.0336621
123c11,60031,123,12/1/15,11,10,0.791780822,M,3.25,wet,0.034032663,0.217821,0.2076422,0,0.0195899,0,0,0,0.0320668,0,0.487348,0,0.0355316
135c8,40661,135,6/2/14,8,5,0.419406393,F,3.25,dry,0.033822537,0.0370625,0.5674237,0,0,0,0,0.1340842,0.234795,0,0,0,0.0266349
135c9,45083,135,8/4/15,9,7,0.592009132,F,2.75,dry,0.238603337,0.144068,0.4586873,0,0,0,0,0.1312468,0.234545,0,0,0,0.0314531
135c10,62603,135,10/5/15,10,9,0.764611872,F,3.5,dry,0.007458203,0.23288,0.5075957,0,0,0,0,0.0276984,0.0774244,0,0,0,0.1544017
135c11,43472,135,12/1/15,11,11,0.91803653,F,4,wet,0.049963343,0.261985,0.2795364,0,0.0197138,0,0,0,0.0675607,0,0.1446219,0,0.2265826
136c8,30988,136,6/2/14,8,3,0.252739726,M,3,dry,0.123558394,0.0495353,0.844811,0,0,0,0,0,0.105654,0,0,0,0
136c9,45657,136,8/4/15,9,5,0.425342466,M,2.25,dry,0.161939197,0.0347811,0.2144035,0,0,0,0,0.4591186,0.291697,0,0,0,0
136c10,76860,136,10/5/15,10,7,0.597945205,M,3,dry,0.006270903,0.0284673,0.2266195,0,0,0,0,0.4616965,0.283216,0,0,0,0
136c11,58477,136,12/1/15,11,9,0.751369863,M,2.5,wet,0.038242857,0.157703,0.4152227,0,0.0237871,0,0,0.2230622,0.180225,0,0,0,0
139c8,45086,139,6/2/14,8,3,0.25479452,F,2.75,dry,0.046323529,0.0184314,0.67868,0,0,0,0,0.0448254,0.145544,0,0.0526771,0,0.0598412
139c9,64185,139,8/4/15,9,5,0.592009132,F,3,dry,0.362412689,0.0964088,0.550612,0,0,0,0,0.0932773,0.112472,0,0.0654514,0,0.0817792
139c10,75779,139,10/5/15,10,7,0.764611872,F,2.75,dry,0.016861899,0.142124,0.1927838,0,0.0384539,0,0,0.0354056,0.0962932,0,0.230644,0.204991,0.059304
139c11,56432,139,12/1/15,11,9,0.91803653,F,3.5,wet,0.028897849,0.07657,0.2115463,0,0.0572547,0,0,0.0197937,0.0548979,0,0.290332,0.0459845,0.243621